,0
0,"If you’d like to help develop Doge, please submit ideas on GitHub & http://reddit.com/r/dogecoin/ 
@dogecoin_devsDogecoin • r/dogecoin
The most amazing place on reddit! A subreddit for sharing, discussing, hoarding and wow'ing about Dogecoins. The much wow innovative...
reddit.com"
1,"Someone suggested changing Dogecoin fees based on phases of the moon, which is pretty awesome haha"
2,How much is that Doge in the window?
3,"If you’d like to help develop Doge, please submit ideas on GitHub & http://reddit.com/r/dogecoin/ 
@dogecoin_devsDogecoin • r/dogecoin
The most amazing place on reddit! A subreddit for sharing, discussing, hoarding and wow'ing about Dogecoins. The much wow innovative...
reddit.com"
4,"Someone suggested changing Dogecoin fees based on phases of the moon, which is pretty awesome haha"
5,How much is that Doge in the window?
6,Working with Doge devs to improve system transaction efficiency. Potentially promising.
7,"Do you want Tesla to accept Doge?Yes
78.2%
No
21.8%
3,922,516 votes
·
Final results"
8,"SpaceX launching satellite Doge-1 to the moon next year

– Mission paid for in Doge
– 1st crypto in space
– 1st meme in space

To the mooooonnn!!Dogecoin Song - To the Moon [Official]
#Dogecoin #tothemoon #dogeListen on Spotify: https://spoti.fi/3qytvKi Apple Music: https://apple.co/3aszJGfLet's bring Dogecoin to the moon! Crypto is fun. B...
youtube.com"
9,"If you’d like to help develop Doge, please submit ideas on GitHub & http://reddit.com/r/dogecoin/ 
@dogecoin_devsDogecoin • r/dogecoin
The most amazing place on reddit! A subreddit for sharing, discussing, hoarding and wow'ing about Dogecoins. The much wow innovative...
reddit.com"
10,"Someone suggested changing Dogecoin fees based on phases of the moon, which is pretty awesome haha"
11,How much is that Doge in the window?
12,Working with Doge devs to improve system transaction efficiency. Potentially promising.
13,"Do you want Tesla to accept Doge?Yes
78.2%
No
21.8%
3,922,516 votes
·
Final results"
14,"SpaceX launching satellite Doge-1 to the moon next year

– Mission paid for in Doge
– 1st crypto in space
– 1st meme in space

To the mooooonnn!!Dogecoin Song - To the Moon [Official]
#Dogecoin #tothemoon #dogeListen on Spotify: https://spoti.fi/3qytvKi Apple Music: https://apple.co/3aszJGfLet's bring Dogecoin to the moon! Crypto is fun. B...
youtube.com"
15,"Cryptocurrency is promising, but please invest with caution!Elon Musk Says Dogecoin Could Be the Future of Cryptocurrency | TMZ
Elon Musk is giving Dogecoin major street cred in the tech/finance world -- but says while it's got potential to be the king of crypto ... ya might not wanna...
youtube.com"
16,"If you’d like to help develop Doge, please submit ideas on GitHub & http://reddit.com/r/dogecoin/ 
@dogecoin_devsDogecoin • r/dogecoin
The most amazing place on reddit! A subreddit for sharing, discussing, hoarding and wow'ing about Dogecoins. The much wow innovative...
reddit.com"
17,"Someone suggested changing Dogecoin fees based on phases of the moon, which is pretty awesome haha"
18,How much is that Doge in the window?
19,Working with Doge devs to improve system transaction efficiency. Potentially promising.
20,"Do you want Tesla to accept Doge?Yes
78.2%
No
21.8%
3,922,516 votes
·
Final results"
21,"SpaceX launching satellite Doge-1 to the moon next year

– Mission paid for in Doge
– 1st crypto in space
– 1st meme in space

To the mooooonnn!!Dogecoin Song - To the Moon [Official]
#Dogecoin #tothemoon #dogeListen on Spotify: https://spoti.fi/3qytvKi Apple Music: https://apple.co/3aszJGfLet's bring Dogecoin to the moon! Crypto is fun. B...
youtube.com"
22,"Cryptocurrency is promising, but please invest with caution!Elon Musk Says Dogecoin Could Be the Future of Cryptocurrency | TMZ
Elon Musk is giving Dogecoin major street cred in the tech/finance world -- but says while it's got potential to be the king of crypto ... ya might not wanna...
youtube.com"
23,"The Dogefather
SNL May 8"
24,"If you’d like to help develop Doge, please submit ideas on GitHub & http://reddit.com/r/dogecoin/ 
@dogecoin_devsDogecoin • r/dogecoin
The most amazing place on reddit! A subreddit for sharing, discussing, hoarding and wow'ing about Dogecoins. The much wow innovative...
reddit.com"
25,"Someone suggested changing Dogecoin fees based on phases of the moon, which is pretty awesome haha"
26,How much is that Doge in the window?
27,Working with Doge devs to improve system transaction efficiency. Potentially promising.
28,"Do you want Tesla to accept Doge?Yes
78.2%
No
21.8%
3,922,516 votes
·
Final results"
29,"SpaceX launching satellite Doge-1 to the moon next year

– Mission paid for in Doge
– 1st crypto in space
– 1st meme in space

To the mooooonnn!!Dogecoin Song - To the Moon [Official]
#Dogecoin #tothemoon #dogeListen on Spotify: https://spoti.fi/3qytvKi Apple Music: https://apple.co/3aszJGfLet's bring Dogecoin to the moon! Crypto is fun. B...
youtube.com"
30,"Cryptocurrency is promising, but please invest with caution!Elon Musk Says Dogecoin Could Be the Future of Cryptocurrency | TMZ
Elon Musk is giving Dogecoin major street cred in the tech/finance world -- but says while it's got potential to be the king of crypto ... ya might not wanna...
youtube.com"
31,"The Dogefather
SNL May 8"
32,"If you’d like to help develop Doge, please submit ideas on GitHub & http://reddit.com/r/dogecoin/ 
@dogecoin_devsDogecoin • r/dogecoin
The most amazing place on reddit! A subreddit for sharing, discussing, hoarding and wow'ing about Dogecoins. The much wow innovative...
reddit.com"
33,"Someone suggested changing Dogecoin fees based on phases of the moon, which is pretty awesome haha"
34,How much is that Doge in the window?
35,Working with Doge devs to improve system transaction efficiency. Potentially promising.
36,"Do you want Tesla to accept Doge?Yes
78.2%
No
21.8%
3,922,516 votes
·
Final results"
37,"SpaceX launching satellite Doge-1 to the moon next year

– Mission paid for in Doge
– 1st crypto in space
– 1st meme in space

To the mooooonnn!!Dogecoin Song - To the Moon [Official]
#Dogecoin #tothemoon #dogeListen on Spotify: https://spoti.fi/3qytvKi Apple Music: https://apple.co/3aszJGfLet's bring Dogecoin to the moon! Crypto is fun. B...
youtube.com"
38,"Cryptocurrency is promising, but please invest with caution!Elon Musk Says Dogecoin Could Be the Future of Cryptocurrency | TMZ
Elon Musk is giving Dogecoin major street cred in the tech/finance world -- but says while it's got potential to be the king of crypto ... ya might not wanna...
youtube.com"
39,"The Dogefather
SNL May 8"
